"","fips","n_charging_locations"
"1",1003,41
"2",1005,2
"3",1007,6
"4",1013,2
"5",1015,14
"6",1021,1
"7",1029,1
"8",1031,7
"9",1033,3
"10",1035,1
"11",1039,2
"12",1041,1
"13",1043,6
"14",1045,3
"15",1049,2
"16",1051,7
"17",1053,1
"18",1055,3
"19",1061,1
"20",1063,2
"21",1067,2
"22",1069,11
"23",1071,6
"24",1073,70
"25",1077,3
"26",1081,21
"27",1083,7
"28",1089,37
"29",1093,2
"30",1095,7
"31",1097,26
"32",1101,19
"33",1103,8
"34",1109,1
"35",1113,3
"36",1115,3
"37",1117,9
"38",1121,3
"39",1123,3
"40",1125,22
"41",1127,1
"42",2020,14
"43",2068,4
"44",2090,1
"45",2110,16
"46",2122,12
"47",2170,8
"48",2180,1
"49",2230,1
"50",2240,1
"51",4001,1
"52",4003,17
"53",4005,69
"54",4007,8
"55",4009,1
"56",4012,13
"57",4013,858
"58",4015,14
"59",4017,23
"60",4019,109
"61",4021,23
"62",4023,5
"63",4025,49
"64",4027,14
"65",5003,1
"66",5005,4
"67",5007,51
"68",5009,1
"69",5015,8
"70",5019,5
"71",5023,2
"72",5029,2
"73",5031,10
"74",5033,2
"75",5035,3
"76",5037,1
"77",5045,14
"78",5047,2
"79",5051,19
"80",5055,5
"81",5057,2
"82",5059,2
"83",5063,4
"84",5067,2
"85",5069,5
"86",5071,1
"87",5075,2
"88",5085,8
"89",5093,8
"90",5095,1
"91",5097,4
"92",5103,3
"93",5107,3
"94",5115,7
"95",5119,69
"96",5121,2
"97",5123,3
"98",5125,4
"99",5131,2
"100",5133,1
"101",5137,1
"102",5139,4
"103",5143,35
"104",5145,2
"105",6001,796
"106",6003,6
"107",6005,13
"108",6007,34
"109",6009,6
"110",6011,6
"111",6013,333
"112",6015,18
"113",6017,77
"114",6019,289
"115",6021,3
"116",6023,74
"117",6025,8
"118",6027,20
"119",6029,169
"120",6031,46
"121",6033,9
"122",6035,5
"123",6037,3733
"124",6039,48
"125",6041,192
"126",6043,56
"127",6045,80
"128",6047,36
"129",6049,3
"130",6051,9
"131",6053,159
"132",6055,171
"133",6057,41
"134",6059,1797
"135",6061,168
"136",6063,4
"137",6065,560
"138",6067,489
"139",6069,10
"140",6071,462
"141",6073,1243
"142",6075,406
"143",6077,153
"144",6079,197
"145",6081,1039
"146",6083,195
"147",6085,1592
"148",6087,89
"149",6089,45
"150",6091,2
"151",6093,28
"152",6095,146
"153",6097,243
"154",6099,75
"155",6101,3
"156",6103,13
"157",6105,6
"158",6107,63
"159",6109,20
"160",6111,224
"161",6113,110
"162",6115,4
"163",8001,120
"164",8003,9
"165",8005,154
"166",8007,5
"167",8011,2
"168",8013,310
"169",8014,52
"170",8015,25
"171",8019,13
"172",8027,4
"173",8029,6
"174",8031,309
"175",8033,1
"176",8035,63
"177",8037,98
"178",8039,2
"179",8041,95
"180",8043,5
"181",8045,54
"182",8047,15
"183",8049,17
"184",8051,25
"185",8053,3
"186",8055,4
"187",8059,145
"188",8063,6
"189",8065,3
"190",8067,36
"191",8069,133
"192",8071,5
"193",8073,5
"194",8075,4
"195",8077,63
"196",8079,4
"197",8081,7
"198",8083,5
"199",8085,16
"200",8087,2
"201",8089,9
"202",8091,9
"203",8093,5
"204",8095,1
"205",8097,42
"206",8099,7
"207",8101,31
"208",8103,2
"209",8105,6
"210",8107,22
"211",8109,5
"212",8111,1
"213",8113,14
"214",8115,1
"215",8117,86
"216",8119,9
"217",8121,2
"218",8123,54
"219",9001,189
"220",9003,207
"221",9005,39
"222",9007,59
"223",9009,197
"224",9011,63
"225",9013,57
"226",9015,30
"227",10001,30
"228",10003,110
"229",10005,54
"230",12001,58
"231",12003,1
"232",12005,18
"233",12009,126
"234",12011,345
"235",12015,9
"236",12017,4
"237",12019,8
"238",12021,67
"239",12023,19
"240",12027,1
"241",12031,123
"242",12033,23
"243",12035,9
"244",12037,4
"245",12039,1
"246",12047,1
"247",12049,2
"248",12051,5
"249",12053,3
"250",12055,8
"251",12057,218
"252",12061,12
"253",12063,4
"254",12065,1
"255",12069,37
"256",12071,79
"257",12073,36
"258",12075,1
"259",12079,1
"260",12081,41
"261",12083,13
"262",12085,19
"263",12086,619
"264",12087,34
"265",12089,16
"266",12091,26
"267",12093,11
"268",12095,328
"269",12097,96
"270",12099,276
"271",12101,35
"272",12103,111
"273",12105,38
"274",12107,4
"275",12109,40
"276",12111,20
"277",12113,9
"278",12115,107
"279",12117,75
"280",12119,7
"281",12121,1
"282",12123,3
"283",12127,81
"284",12129,2
"285",12131,17
"286",12133,2
"287",13009,5
"288",13011,2
"289",13013,4
"290",13015,15
"291",13021,23
"292",13023,1
"293",13029,4
"294",13031,4
"295",13035,1
"296",13039,5
"297",13043,3
"298",13045,11
"299",13047,3
"300",13051,68
"301",13053,81
"302",13055,2
"303",13057,30
"304",13059,21
"305",13063,59
"306",13065,4
"307",13067,140
"308",13069,1
"309",13073,11
"310",13077,10
"311",13081,5
"312",13083,8
"313",13085,9
"314",13087,1
"315",13089,176
"316",13095,10
"317",13097,27
"318",13105,2
"319",13111,3
"320",13113,31
"321",13115,4
"322",13117,22
"323",13119,2
"324",13121,597
"325",13123,3
"326",13127,28
"327",13129,4
"328",13131,1
"329",13133,4
"330",13135,135
"331",13137,8
"332",13139,27
"333",13145,1
"334",13151,21
"335",13153,17
"336",13157,9
"337",13165,1
"338",13169,2
"339",13175,6
"340",13177,5
"341",13179,19
"342",13185,14
"343",13187,6
"344",13189,3
"345",13191,2
"346",13195,1
"347",13205,1
"348",13207,9
"349",13211,3
"350",13215,43
"351",13217,16
"352",13219,3
"353",13221,1
"354",13223,4
"355",13225,4
"356",13227,5
"357",13229,1
"358",13231,1
"359",13233,1
"360",13235,2
"361",13237,1
"362",13241,13
"363",13243,2
"364",13245,25
"365",13247,5
"366",13255,3
"367",13257,1
"368",13261,3
"369",13265,1
"370",13267,2
"371",13269,1
"372",13275,3
"373",13277,11
"374",13279,2
"375",13281,3
"376",13285,7
"377",13287,1
"378",13291,5
"379",13295,5
"380",13297,7
"381",13299,2
"382",13303,2
"383",13305,2
"384",13311,10
"385",13313,4
"386",13321,1
"387",15001,54
"388",15003,225
"389",15007,23
"390",15009,55
"391",16001,70
"392",16005,5
"393",16013,9
"394",16017,6
"395",16019,13
"396",16021,2
"397",16023,2
"398",16027,21
"399",16029,1
"400",16031,1
"401",16039,2
"402",16043,4
"403",16049,1
"404",16055,16
"405",16057,1
"406",16059,1
"407",16065,1
"408",16067,3
"409",16069,1
"410",16077,1
"411",16079,2
"412",16081,1
"413",16083,7
"414",16085,6
"415",16087,1
"416",17001,5
"417",17007,4
"418",17011,2
"419",17015,1
"420",17019,37
"421",17023,1
"422",17027,4
"423",17029,15
"424",17031,563
"425",17037,24
"426",17039,1
"427",17041,1
"428",17043,131
"429",17049,5
"430",17051,2
"431",17055,1
"432",17057,1
"433",17069,1
"434",17073,2
"435",17075,1
"436",17077,6
"437",17081,4
"438",17083,2
"439",17085,11
"440",17089,43
"441",17091,8
"442",17093,5
"443",17095,3
"444",17097,77
"445",17099,6
"446",17103,3
"447",17105,5
"448",17107,2
"449",17109,2
"450",17111,21
"451",17113,49
"452",17115,4
"453",17117,1
"454",17119,34
"455",17121,2
"456",17123,1
"457",17135,1
"458",17137,1
"459",17141,7
"460",17143,13
"461",17147,1
"462",17149,1
"463",17161,9
"464",17163,6
"465",17167,16
"466",17177,2
"467",17179,8
"468",17183,3
"469",17195,1
"470",17197,53
"471",17199,14
"472",17201,13
"473",18001,1
"474",18003,56
"475",18005,11
"476",18011,6
"477",18013,3
"478",18019,8
"479",18021,1
"480",18027,1
"481",18031,10
"482",18033,4
"483",18035,1
"484",18037,7
"485",18039,13
"486",18043,3
"487",18045,1
"488",18049,1
"489",18051,1
"490",18053,4
"491",18055,1
"492",18057,48
"493",18059,8
"494",18061,4
"495",18063,8
"496",18065,3
"497",18067,7
"498",18069,3
"499",18071,4
"500",18077,5
"501",18081,12
"502",18083,3
"503",18085,6
"504",18087,2
"505",18089,29
"506",18091,10
"507",18093,4
"508",18095,2
"509",18097,68
"510",18099,7
"511",18103,1
"512",18105,15
"513",18107,3
"514",18109,6
"515",18111,4
"516",18113,3
"517",18117,2
"518",18119,1
"519",18121,2
"520",18123,1
"521",18127,15
"522",18129,1
"523",18133,1
"524",18137,1
"525",18139,3
"526",18141,33
"527",18143,1
"528",18145,6
"529",18147,3
"530",18151,5
"531",18155,1
"532",18157,32
"533",18163,10
"534",18165,1
"535",18167,9
"536",18169,4
"537",18171,1
"538",18173,3
"539",18175,2
"540",18177,2
"541",18179,2
"542",18181,2
"543",18183,2
"544",19001,1
"545",19005,2
"546",19007,4
"547",19013,12
"548",19017,2
"549",19027,5
"550",19031,1
"551",19033,8
"552",19035,1
"553",19043,7
"554",19045,2
"555",19049,12
"556",19053,1
"557",19055,2
"558",19057,7
"559",19059,2
"560",19061,13
"561",19063,1
"562",19065,2
"563",19067,2
"564",19069,1
"565",19071,1
"566",19073,3
"567",19079,2
"568",19087,4
"569",19089,2
"570",19095,3
"571",19097,1
"572",19099,3
"573",19101,3
"574",19103,42
"575",19109,2
"576",19111,4
"577",19113,25
"578",19115,1
"579",19119,1
"580",19121,1
"581",19123,1
"582",19125,3
"583",19127,2
"584",19131,2
"585",19135,1
"586",19139,8
"587",19141,1
"588",19145,1
"589",19147,1
"590",19149,2
"591",19153,64
"592",19155,9
"593",19157,1
"594",19161,1
"595",19163,29
"596",19165,1
"597",19167,2
"598",19169,18
"599",19177,1
"600",19179,1
"601",19181,4
"602",19183,1
"603",19187,4
"604",19189,1
"605",19191,8
"606",19193,8
"607",19195,3
"608",20001,2
"609",20005,1
"610",20009,1
"611",20011,2
"612",20013,1
"613",20015,6
"614",20017,1
"615",20021,2
"616",20023,1
"617",20031,1
"618",20035,1
"619",20037,5
"620",20041,3
"621",20043,1
"622",20045,14
"623",20051,11
"624",20055,1
"625",20057,1
"626",20063,2
"627",20077,1
"628",20079,1
"629",20085,1
"630",20091,323
"631",20095,1
"632",20097,1
"633",20099,1
"634",20103,8
"635",20109,1
"636",20111,3
"637",20113,5
"638",20117,1
"639",20121,11
"640",20123,1
"641",20125,1
"642",20131,3
"643",20133,1
"644",20149,4
"645",20151,1
"646",20155,7
"647",20159,2
"648",20161,5
"649",20167,1
"650",20169,15
"651",20173,28
"652",20175,1
"653",20177,16
"654",20181,2
"655",20191,1
"656",20193,3
"657",20197,1
"658",20209,8
"659",21009,4
"660",21015,17
"661",21019,1
"662",21021,3
"663",21029,8
"664",21033,1
"665",21035,2
"666",21037,7
"667",21043,1
"668",21047,4
"669",21049,1
"670",21059,1
"671",21067,27
"672",21073,7
"673",21079,1
"674",21081,1
"675",21083,2
"676",21085,1
"677",21093,22
"678",21095,1
"679",21107,1
"680",21111,90
"681",21113,2
"682",21115,1
"683",21117,6
"684",21123,1
"685",21125,4
"686",21137,1
"687",21139,2
"688",21143,1
"689",21145,5
"690",21151,18
"691",21155,3
"692",21167,2
"693",21173,1
"694",21175,1
"695",21177,2
"696",21179,4
"697",21183,3
"698",21185,2
"699",21195,1
"700",21199,1
"701",21203,1
"702",21205,2
"703",21209,7
"704",21211,1
"705",21213,1
"706",21217,2
"707",21227,14
"708",21229,1
"709",21235,4
"710",21237,1
"711",21239,3
"712",22005,5
"713",22009,1
"714",22015,5
"715",22017,6
"716",22019,9
"717",22033,50
"718",22045,2
"719",22051,33
"720",22053,1
"721",22055,20
"722",22057,1
"723",22061,4
"724",22063,3
"725",22069,3
"726",22071,52
"727",22073,8
"728",22079,10
"729",22087,1
"730",22091,1
"731",22095,1
"732",22097,4
"733",22099,2
"734",22103,13
"735",22105,7
"736",22109,4
"737",22119,3
"738",22125,3
"739",23001,18
"740",23003,17
"741",23005,134
"742",23007,12
"743",23009,50
"744",23011,33
"745",23013,23
"746",23015,11
"747",23017,35
"748",23019,30
"749",23021,4
"750",23023,14
"751",23025,18
"752",23027,14
"753",23029,9
"754",23031,60
"755",24001,19
"756",24003,163
"757",24005,132
"758",24009,18
"759",24011,5
"760",24013,27
"761",24015,14
"762",24017,30
"763",24019,14
"764",24021,61
"765",24023,16
"766",24025,57
"767",24027,136
"768",24029,7
"769",24031,299
"770",24033,220
"771",24035,13
"772",24037,41
"773",24039,4
"774",24041,11
"775",24043,43
"776",24045,20
"777",24047,26
"778",24510,239
"779",25001,99
"780",25003,68
"781",25005,116
"782",25007,14
"783",25009,262
"784",25011,47
"785",25013,129
"786",25015,116
"787",25017,915
"788",25019,12
"789",25021,247
"790",25023,134
"791",25025,504
"792",25027,280
"793",26001,2
"794",26005,18
"795",26007,3
"796",26009,6
"797",26013,1
"798",26015,3
"799",26017,8
"800",26019,7
"801",26021,43
"802",26023,3
"803",26025,27
"804",26027,4
"805",26029,10
"806",26031,17
"807",26033,5
"808",26035,12
"809",26037,4
"810",26039,9
"811",26041,3
"812",26043,2
"813",26045,14
"814",26047,19
"815",26049,20
"816",26053,3
"817",26055,42
"818",26057,4
"819",26059,3
"820",26061,4
"821",26063,6
"822",26065,76
"823",26067,3
"824",26069,9
"825",26071,2
"826",26073,9
"827",26075,16
"828",26077,58
"829",26079,3
"830",26081,84
"831",26083,2
"832",26085,1
"833",26087,3
"834",26089,6
"835",26091,2
"836",26093,9
"837",26095,1
"838",26097,4
"839",26099,56
"840",26101,12
"841",26103,6
"842",26105,9
"843",26107,6
"844",26111,11
"845",26115,12
"846",26117,3
"847",26119,3
"848",26121,19
"849",26123,2
"850",26125,211
"851",26127,5
"852",26129,3
"853",26131,3
"854",26133,3
"855",26137,9
"856",26139,53
"857",26141,9
"858",26143,5
"859",26145,30
"860",26147,8
"861",26149,4
"862",26151,6
"863",26155,7
"864",26157,1
"865",26159,6
"866",26161,104
"867",26163,218
"868",26165,7
"869",27003,15
"870",27005,2
"871",27007,6
"872",27013,14
"873",27015,4
"874",27017,4
"875",27019,1
"876",27021,6
"877",27023,2
"878",27025,3
"879",27027,2
"880",27031,8
"881",27035,6
"882",27037,51
"883",27041,8
"884",27043,3
"885",27045,11
"886",27047,6
"887",27049,5
"888",27053,268
"889",27055,3
"890",27057,1
"891",27059,3
"892",27061,8
"893",27065,2
"894",27067,5
"895",27069,1
"896",27071,1
"897",27075,5
"898",27079,1
"899",27083,3
"900",27085,5
"901",27091,3
"902",27093,2
"903",27095,5
"904",27097,4
"905",27099,12
"906",27103,7
"907",27105,3
"908",27109,28
"909",27111,3
"910",27113,1
"911",27115,7
"912",27117,2
"913",27119,4
"914",27123,107
"915",27127,3
"916",27129,1
"917",27131,12
"918",27133,4
"919",27135,1
"920",27137,21
"921",27139,19
"922",27141,4
"923",27145,8
"924",27147,9
"925",27149,4
"926",27153,1
"927",27157,2
"928",27159,3
"929",27161,1
"930",27163,15
"931",27169,7
"932",27171,7
"933",28001,2
"934",28003,3
"935",28033,8
"936",28035,8
"937",28039,1
"938",28043,3
"939",28045,2
"940",28047,23
"941",28049,11
"942",28059,2
"943",28067,1
"944",28071,12
"945",28073,4
"946",28075,3
"947",28081,7
"948",28083,2
"949",28085,1
"950",28087,9
"951",28089,12
"952",28091,1
"953",28093,4
"954",28097,2
"955",28101,1
"956",28105,7
"957",28107,3
"958",28109,1
"959",28113,1
"960",28115,2
"961",28121,3
"962",28143,2
"963",28145,3
"964",28149,4
"965",28151,2
"966",29001,5
"967",29005,1
"968",29009,3
"969",29013,2
"970",29015,2
"971",29019,11
"972",29021,41
"973",29023,5
"974",29027,4
"975",29029,5
"976",29031,10
"977",29037,22
"978",29043,4
"979",29047,80
"980",29051,6
"981",29053,2
"982",29063,2
"983",29065,2
"984",29071,3
"985",29077,44
"986",29081,7
"987",29083,8
"988",29091,4
"989",29093,3
"990",29095,427
"991",29097,19
"992",29099,11
"993",29101,11
"994",29105,1
"995",29107,9
"996",29109,2
"997",29111,4
"998",29113,2
"999",29117,2
"1000",29121,3
"1001",29127,2
"1002",29131,1
"1003",29143,4
"1004",29145,11
"1005",29147,8
"1006",29151,1
"1007",29157,2
"1008",29159,9
"1009",29161,3
"1010",29163,3
"1011",29165,106
"1012",29167,5
"1013",29169,4
"1014",29175,4
"1015",29177,4
"1016",29183,28
"1017",29185,2
"1018",29187,2
"1019",29189,124
"1020",29195,3
"1021",29201,6
"1022",29207,1
"1023",29209,1
"1024",29213,25
"1025",29217,5
"1026",29219,4
"1027",29221,1
"1028",29225,3
"1029",29510,64
"1030",30001,3
"1031",30009,2
"1032",30013,7
"1033",30017,2
"1034",30021,1
"1035",30023,1
"1036",30029,18
"1037",30031,21
"1038",30035,5
"1039",30039,1
"1040",30047,3
"1041",30049,8
"1042",30053,2
"1043",30057,3
"1044",30061,3
"1045",30063,19
"1046",30067,5
"1047",30077,2
"1048",30081,1
"1049",30093,3
"1050",30097,1
"1051",30111,15
"1052",31001,5
"1053",31011,1
"1054",31017,2
"1055",31019,11
"1056",31033,2
"1057",31035,1
"1058",31039,1
"1059",31041,1
"1060",31043,4
"1061",31045,3
"1062",31047,4
"1063",31049,1
"1064",31051,1
"1065",31053,5
"1066",31055,70
"1067",31065,1
"1068",31067,3
"1069",31079,11
"1070",31081,3
"1071",31089,2
"1072",31093,1
"1073",31099,1
"1074",31101,5
"1075",31109,52
"1076",31111,2
"1077",31119,6
"1078",31127,3
"1079",31131,6
"1080",31137,1
"1081",31141,8
"1082",31143,2
"1083",31151,1
"1084",31153,18
"1085",31155,3
"1086",31157,3
"1087",31161,1
"1088",31169,3
"1089",31171,2
"1090",31175,2
"1091",31177,4
"1092",31185,4
"1093",32001,3
"1094",32003,365
"1095",32005,16
"1096",32007,10
"1097",32011,1
"1098",32013,7
"1099",32015,2
"1100",32017,5
"1101",32019,7
"1102",32021,4
"1103",32023,6
"1104",32027,3
"1105",32029,3
"1106",32031,125
"1107",32033,4
"1108",32510,20
"1109",33001,16
"1110",33003,19
"1111",33005,11
"1112",33007,10
"1113",33009,43
"1114",33011,44
"1115",33013,22
"1116",33015,44
"1117",33017,18
"1118",33019,2
"1119",34001,39
"1120",34003,174
"1121",34005,43
"1122",34007,41
"1123",34009,30
"1124",34011,3
"1125",34013,138
"1126",34015,26
"1127",34017,126
"1128",34019,19
"1129",34021,70
"1130",34023,121
"1131",34025,74
"1132",34027,98
"1133",34029,39
"1134",34031,42
"1135",34033,14
"1136",34035,61
"1137",34037,25
"1138",34039,67
"1139",34041,6
"1140",35001,107
"1141",35005,8
"1142",35006,2
"1143",35007,3
"1144",35009,3
"1145",35015,9
"1146",35017,1
"1147",35019,3
"1148",35023,3
"1149",35025,1
"1150",35027,4
"1151",35028,3
"1152",35029,6
"1153",35031,2
"1154",35033,1
"1155",35035,7
"1156",35037,4
"1157",35039,4
"1158",35043,6
"1159",35045,11
"1160",35047,6
"1161",35049,57
"1162",35051,4
"1163",35053,3
"1164",35055,12
"1165",35057,2
"1166",35059,1
"1167",35061,2
"1168",36001,371
"1169",36003,7
"1170",36005,22
"1171",36007,45
"1172",36009,13
"1173",36011,10
"1174",36013,27
"1175",36015,14
"1176",36017,3
"1177",36019,38
"1178",36021,39
"1179",36023,9
"1180",36025,8
"1181",36027,85
"1182",36029,243
"1183",36031,63
"1184",36033,26
"1185",36035,10
"1186",36037,13
"1187",36039,22
"1188",36041,6
"1189",36043,17
"1190",36045,11
"1191",36047,133
"1192",36049,7
"1193",36051,27
"1194",36053,31
"1195",36055,265
"1196",36057,14
"1197",36059,89
"1198",36061,375
"1199",36063,28
"1200",36065,63
"1201",36067,127
"1202",36069,39
"1203",36071,70
"1204",36073,4
"1205",36075,17
"1206",36077,16
"1207",36079,9
"1208",36081,113
"1209",36083,78
"1210",36085,32
"1211",36087,78
"1212",36089,18
"1213",36091,216
"1214",36093,87
"1215",36095,5
"1216",36097,8
"1217",36099,7
"1218",36101,19
"1219",36103,225
"1220",36105,21
"1221",36107,3
"1222",36109,46
"1223",36111,97
"1224",36113,96
"1225",36115,4
"1226",36117,19
"1227",36119,182
"1228",36121,8
"1229",36123,4
"1230",37001,23
"1231",37005,1
"1232",37007,2
"1233",37009,2
"1234",37011,5
"1235",37013,3
"1236",37015,1
"1237",37017,2
"1238",37019,14
"1239",37021,72
"1240",37023,5
"1241",37025,26
"1242",37027,7
"1243",37031,12
"1244",37033,1
"1245",37035,16
"1246",37037,19
"1247",37039,1
"1248",37041,1
"1249",37043,1
"1250",37045,9
"1251",37047,5
"1252",37049,19
"1253",37051,64
"1254",37053,3
"1255",37055,18
"1256",37057,13
"1257",37059,3
"1258",37061,9
"1259",37063,93
"1260",37065,2
"1261",37067,31
"1262",37069,4
"1263",37071,33
"1264",37073,1
"1265",37075,2
"1266",37077,1
"1267",37079,1
"1268",37081,57
"1269",37083,12
"1270",37085,5
"1271",37087,12
"1272",37089,27
"1273",37091,1
"1274",37093,3
"1275",37097,27
"1276",37099,13
"1277",37101,11
"1278",37105,8
"1279",37107,8
"1280",37109,2
"1281",37111,4
"1282",37113,13
"1283",37115,4
"1284",37119,277
"1285",37121,1
"1286",37123,3
"1287",37125,13
"1288",37127,11
"1289",37129,31
"1290",37131,2
"1291",37133,13
"1292",37135,40
"1293",37137,2
"1294",37139,7
"1295",37141,6
"1296",37143,2
"1297",37145,1
"1298",37147,20
"1299",37149,5
"1300",37151,16
"1301",37153,5
"1302",37155,8
"1303",37157,3
"1304",37159,15
"1305",37161,3
"1306",37163,3
"1307",37165,3
"1308",37167,2
"1309",37169,1
"1310",37171,19
"1311",37173,5
"1312",37175,4
"1313",37179,16
"1314",37181,13
"1315",37183,255
"1316",37185,4
"1317",37187,1
"1318",37189,33
"1319",37191,9
"1320",37193,5
"1321",37195,10
"1322",37197,5
"1323",37199,1
"1324",38003,2
"1325",38009,2
"1326",38011,1
"1327",38015,10
"1328",38017,22
"1329",38035,12
"1330",38053,1
"1331",38055,2
"1332",38057,3
"1333",38059,6
"1334",38069,1
"1335",38071,3
"1336",38077,2
"1337",38079,1
"1338",38085,1
"1339",38089,5
"1340",38093,9
"1341",38097,2
"1342",38099,1
"1343",38101,5
"1344",38105,3
"1345",39001,1
"1346",39003,11
"1347",39005,3
"1348",39007,6
"1349",39009,21
"1350",39011,6
"1351",39013,1
"1352",39017,44
"1353",39019,2
"1354",39021,4
"1355",39023,3
"1356",39025,7
"1357",39027,9
"1358",39029,5
"1359",39031,4
"1360",39033,2
"1361",39035,138
"1362",39037,4
"1363",39039,3
"1364",39041,52
"1365",39043,12
"1366",39045,21
"1367",39047,2
"1368",39049,373
"1369",39051,2
"1370",39053,3
"1371",39055,4
"1372",39057,25
"1373",39059,5
"1374",39061,135
"1375",39063,8
"1376",39065,4
"1377",39067,1
"1378",39069,4
"1379",39071,2
"1380",39073,11
"1381",39075,2
"1382",39077,8
"1383",39083,10
"1384",39085,27
"1385",39087,1
"1386",39089,24
"1387",39091,8
"1388",39093,20
"1389",39095,53
"1390",39097,9
"1391",39099,21
"1392",39101,13
"1393",39103,11
"1394",39105,2
"1395",39107,7
"1396",39109,14
"1397",39113,114
"1398",39117,1
"1399",39119,9
"1400",39123,9
"1401",39127,1
"1402",39129,3
"1403",39131,21
"1404",39133,22
"1405",39135,1
"1406",39139,9
"1407",39141,9
"1408",39143,11
"1409",39145,4
"1410",39147,12
"1411",39149,3
"1412",39151,27
"1413",39153,64
"1414",39155,9
"1415",39157,3
"1416",39159,17
"1417",39161,2
"1418",39165,31
"1419",39167,4
"1420",39169,16
"1421",39171,5
"1422",39173,18
"1423",39175,2
"1424",40001,2
"1425",40003,1
"1426",40005,1
"1427",40009,4
"1428",40013,8
"1429",40015,2
"1430",40017,12
"1431",40019,8
"1432",40021,6
"1433",40027,27
"1434",40031,6
"1435",40033,1
"1436",40035,1
"1437",40037,4
"1438",40039,5
"1439",40041,1
"1440",40047,3
"1441",40049,4
"1442",40051,3
"1443",40059,2
"1444",40061,1
"1445",40065,1
"1446",40069,1
"1447",40071,2
"1448",40075,1
"1449",40077,1
"1450",40079,1
"1451",40081,4
"1452",40085,1
"1453",40087,5
"1454",40089,5
"1455",40093,1
"1456",40097,3
"1457",40099,2
"1458",40101,3
"1459",40103,1
"1460",40107,2
"1461",40109,80
"1462",40111,3
"1463",40113,4
"1464",40115,2
"1465",40117,1
"1466",40119,6
"1467",40121,4
"1468",40123,6
"1469",40125,2
"1470",40127,1
"1471",40131,5
"1472",40133,2
"1473",40135,2
"1474",40137,3
"1475",40139,3
"1476",40141,1
"1477",40143,66
"1478",40145,3
"1479",40147,5
"1480",40151,1
"1481",40153,2
"1482",41001,3
"1483",41003,26
"1484",41005,115
"1485",41007,23
"1486",41009,17
"1487",41011,26
"1488",41013,8
"1489",41015,5
"1490",41017,60
"1491",41019,28
"1492",41021,1
"1493",41023,4
"1494",41025,3
"1495",41027,20
"1496",41029,60
"1497",41031,19
"1498",41033,6
"1499",41035,30
"1500",41037,1
"1501",41039,89
"1502",41041,37
"1503",41043,14
"1504",41045,4
"1505",41047,83
"1506",41049,3
"1507",41051,203
"1508",41053,19
"1509",41057,16
"1510",41059,14
"1511",41061,7
"1512",41063,3
"1513",41065,19
"1514",41067,178
"1515",41069,3
"1516",41071,45
"1517",42001,18
"1518",42003,329
"1519",42005,2
"1520",42007,7
"1521",42009,13
"1522",42011,27
"1523",42013,13
"1524",42015,8
"1525",42017,82
"1526",42019,20
"1527",42021,6
"1528",42025,7
"1529",42027,26
"1530",42029,99
"1531",42031,2
"1532",42033,5
"1533",42035,3
"1534",42037,7
"1535",42039,6
"1536",42041,51
"1537",42043,51
"1538",42045,47
"1539",42047,1
"1540",42049,25
"1541",42051,7
"1542",42055,9
"1543",42057,2
"1544",42061,2
"1545",42063,9
"1546",42069,17
"1547",42071,113
"1548",42073,3
"1549",42075,10
"1550",42077,64
"1551",42079,31
"1552",42081,9
"1553",42083,2
"1554",42085,8
"1555",42087,4
"1556",42089,15
"1557",42091,199
"1558",42093,5
"1559",42095,42
"1560",42099,2
"1561",42101,147
"1562",42103,4
"1563",42107,8
"1564",42109,2
"1565",42111,6
"1566",42113,1
"1567",42115,1
"1568",42117,8
"1569",42119,3
"1570",42121,4
"1571",42123,2
"1572",42125,19
"1573",42127,14
"1574",42129,25
"1575",42131,1
"1576",42133,28
"1577",44001,12
"1578",44003,47
"1579",44005,34
"1580",44007,185
"1581",44009,34
"1582",45001,1
"1583",45003,9
"1584",45007,13
"1585",45009,2
"1586",45011,3
"1587",45013,27
"1588",45015,22
"1589",45019,74
"1590",45021,2
"1591",45023,5
"1592",45025,3
"1593",45027,1
"1594",45029,14
"1595",45031,2
"1596",45033,7
"1597",45035,8
"1598",45041,15
"1599",45043,5
"1600",45045,75
"1601",45047,4
"1602",45049,2
"1603",45051,47
"1604",45053,4
"1605",45055,4
"1606",45057,3
"1607",45059,1
"1608",45061,2
"1609",45063,18
"1610",45065,2
"1611",45067,1
"1612",45071,3
"1613",45073,11
"1614",45075,8
"1615",45077,7
"1616",45079,51
"1617",45083,29
"1618",45085,17
"1619",45087,4
"1620",45091,25
"1621",46005,1
"1622",46011,2
"1623",46013,3
"1624",46015,1
"1625",46027,2
"1626",46029,1
"1627",46033,9
"1628",46035,2
"1629",46045,1
"1630",46047,1
"1631",46051,1
"1632",46065,5
"1633",46075,2
"1634",46079,1
"1635",46081,8
"1636",46083,6
"1637",46085,1
"1638",46099,18
"1639",46103,25
"1640",46109,1
"1641",46123,2
"1642",46127,1
"1643",46129,1
"1644",47001,7
"1645",47003,2
"1646",47009,11
"1647",47011,4
"1648",47013,4
"1649",47019,6
"1650",47021,1
"1651",47023,4
"1652",47029,1
"1653",47031,9
"1654",47035,9
"1655",47037,259
"1656",47041,4
"1657",47043,6
"1658",47045,1
"1659",47049,4
"1660",47051,3
"1661",47057,2
"1662",47059,7
"1663",47061,4
"1664",47063,4
"1665",47065,76
"1666",47071,4
"1667",47073,3
"1668",47075,4
"1669",47077,3
"1670",47079,12
"1671",47085,2
"1672",47087,3
"1673",47089,3
"1674",47091,3
"1675",47093,58
"1676",47099,3
"1677",47101,2
"1678",47103,2
"1679",47105,6
"1680",47107,1
"1681",47111,1
"1682",47113,9
"1683",47115,3
"1684",47117,3
"1685",47119,13
"1686",47125,17
"1687",47129,3
"1688",47131,1
"1689",47133,1
"1690",47135,1
"1691",47137,3
"1692",47139,4
"1693",47141,18
"1694",47147,1
"1695",47149,41
"1696",47155,40
"1697",47157,46
"1698",47159,1
"1699",47163,18
"1700",47165,7
"1701",47167,2
"1702",47171,1
"1703",47175,5
"1704",47177,6
"1705",47179,10
"1706",47183,5
"1707",47185,1
"1708",47187,36
"1709",47189,17
"1710",48001,6
"1711",48007,4
"1712",48015,4
"1713",48019,4
"1714",48021,8
"1715",48025,2
"1716",48027,33
"1717",48029,212
"1718",48031,6
"1719",48035,1
"1720",48037,5
"1721",48039,24
"1722",48041,24
"1723",48043,2
"1724",48049,1
"1725",48053,1
"1726",48055,2
"1727",48057,3
"1728",48059,1
"1729",48061,17
"1730",48071,3
"1731",48073,2
"1732",48075,2
"1733",48077,1
"1734",48081,1
"1735",48085,181
"1736",48089,2
"1737",48091,9
"1738",48097,1
"1739",48099,2
"1740",48105,3
"1741",48109,2
"1742",48111,1
"1743",48113,374
"1744",48115,3
"1745",48121,95
"1746",48123,4
"1747",48125,1
"1748",48127,1
"1749",48133,2
"1750",48135,3
"1751",48139,12
"1752",48141,43
"1753",48143,1
"1754",48149,4
"1755",48157,57
"1756",48161,3
"1757",48167,31
"1758",48169,1
"1759",48171,10
"1760",48177,1
"1761",48181,8
"1762",48183,10
"1763",48185,4
"1764",48187,14
"1765",48189,1
"1766",48193,2
"1767",48197,1
"1768",48199,2
"1769",48201,510
"1770",48203,2
"1771",48209,48
"1772",48213,4
"1773",48215,16
"1774",48217,7
"1775",48221,5
"1776",48223,1
"1777",48227,1
"1778",48231,5
"1779",48239,1
"1780",48241,1
"1781",48243,1
"1782",48245,12
"1783",48249,1
"1784",48251,14
"1785",48257,12
"1786",48259,6
"1787",48265,13
"1788",48267,2
"1789",48273,2
"1790",48277,2
"1791",48281,1
"1792",48283,1
"1793",48287,1
"1794",48289,7
"1795",48291,1
"1796",48293,1
"1797",48297,2
"1798",48299,8
"1799",48303,17
"1800",48307,2
"1801",48309,9
"1802",48313,3
"1803",48321,3
"1804",48323,2
"1805",48325,1
"1806",48329,3
"1807",48331,1
"1808",48333,2
"1809",48335,2
"1810",48339,55
"1811",48341,3
"1812",48347,2
"1813",48349,3
"1814",48353,2
"1815",48355,24
"1816",48357,1
"1817",48361,2
"1818",48363,2
"1819",48365,2
"1820",48367,7
"1821",48371,5
"1822",48373,2
"1823",48375,12
"1824",48377,1
"1825",48381,6
"1826",48383,1
"1827",48385,1
"1828",48389,4
"1829",48397,10
"1830",48399,1
"1831",48401,2
"1832",48407,1
"1833",48409,3
"1834",48415,1
"1835",48419,1
"1836",48423,18
"1837",48425,1
"1838",48427,1
"1839",48429,1
"1840",48439,224
"1841",48441,4
"1842",48449,1
"1843",48451,8
"1844",48453,595
"1845",48463,5
"1846",48465,2
"1847",48467,5
"1848",48469,7
"1849",48471,6
"1850",48473,7
"1851",48475,1
"1852",48477,5
"1853",48479,9
"1854",48481,6
"1855",48483,1
"1856",48485,7
"1857",48487,2
"1858",48491,98
"1859",48493,1
"1860",48497,3
"1861",48501,1
"1862",49001,3
"1863",49003,12
"1864",49005,19
"1865",49007,5
"1866",49011,44
"1867",49013,1
"1868",49015,6
"1869",49017,4
"1870",49019,9
"1871",49021,11
"1872",49023,2
"1873",49025,13
"1874",49027,4
"1875",49033,3
"1876",49035,403
"1877",49037,7
"1878",49039,3
"1879",49041,11
"1880",49043,46
"1881",49045,10
"1882",49047,1
"1883",49049,149
"1884",49051,13
"1885",49053,44
"1886",49055,2
"1887",49057,53
"1888",50001,18
"1889",50003,22
"1890",50005,21
"1891",50007,99
"1892",50009,3
"1893",50011,9
"1894",50013,2
"1895",50015,27
"1896",50017,6
"1897",50019,9
"1898",50021,30
"1899",50023,58
"1900",50025,33
"1901",50027,36
"1902",51001,3
"1903",51003,31
"1904",51005,4
"1905",51009,1
"1906",51013,191
"1907",51015,6
"1908",51017,1
"1909",51019,6
"1910",51023,2
"1911",51025,1
"1912",51031,2
"1913",51041,27
"1914",51043,2
"1915",51047,2
"1916",51057,3
"1917",51059,322
"1918",51061,7
"1919",51063,2
"1920",51065,1
"1921",51067,1
"1922",51069,9
"1923",51071,1
"1924",51075,25
"1925",51083,4
"1926",51085,11
"1927",51087,55
"1928",51089,1
"1929",51093,1
"1930",51095,6
"1931",51099,6
"1932",51103,2
"1933",51107,103
"1934",51109,2
"1935",51113,3
"1936",51117,1
"1937",51119,1
"1938",51121,33
"1939",51125,1
"1940",51127,1
"1941",51131,3
"1942",51135,1
"1943",51137,3
"1944",51139,5
"1945",51141,9
"1946",51145,1
"1947",51147,4
"1948",51149,1
"1949",51153,34
"1950",51155,1
"1951",51157,3
"1952",51161,9
"1953",51163,7
"1954",51165,6
"1955",51171,11
"1956",51173,3
"1957",51177,7
"1958",51179,6
"1959",51183,2
"1960",51187,10
"1961",51191,9
"1962",51193,1
"1963",51195,1
"1964",51197,5
"1965",51199,13
"1966",51510,46
"1967",51520,2
"1968",51540,18
"1969",51550,21
"1970",51570,1
"1971",51590,5
"1972",51595,2
"1973",51600,12
"1974",51610,7
"1975",51620,2
"1976",51630,8
"1977",51650,9
"1978",51660,16
"1979",51670,3
"1980",51678,3
"1981",51680,10
"1982",51683,8
"1983",51690,2
"1984",51700,23
"1985",51710,32
"1986",51730,1
"1987",51740,4
"1988",51750,2
"1989",51760,64
"1990",51770,21
"1991",51775,10
"1992",51790,5
"1993",51800,6
"1994",51810,41
"1995",51820,9
"1996",51830,11
"1997",51840,2
"1998",53001,4
"1999",53005,23
"2000",53007,32
"2001",53009,40
"2002",53011,99
"2003",53013,2
"2004",53015,11
"2005",53017,5
"2006",53021,13
"2007",53025,11
"2008",53027,19
"2009",53029,11
"2010",53031,14
"2011",53033,1092
"2012",53035,46
"2013",53037,16
"2014",53039,6
"2015",53041,25
"2016",53043,3
"2017",53045,9
"2018",53047,10
"2019",53049,9
"2020",53051,2
"2021",53053,141
"2022",53055,19
"2023",53057,45
"2024",53059,2
"2025",53061,132
"2026",53063,116
"2027",53065,5
"2028",53067,68
"2029",53069,3
"2030",53071,23
"2031",53073,50
"2032",53075,12
"2033",53077,43
"2034",54003,7
"2035",54007,3
"2036",54009,1
"2037",54011,5
"2038",54019,4
"2039",54023,1
"2040",54025,6
"2041",54027,1
"2042",54031,3
"2043",54033,6
"2044",54035,3
"2045",54037,9
"2046",54039,13
"2047",54041,3
"2048",54045,3
"2049",54049,1
"2050",54051,1
"2051",54055,3
"2052",54057,1
"2053",54061,11
"2054",54065,5
"2055",54067,2
"2056",54069,9
"2057",54075,6
"2058",54079,11
"2059",54081,4
"2060",54083,1
"2061",54089,3
"2062",54091,1
"2063",54093,5
"2064",54097,1
"2065",54107,8
"2066",54109,2
"2067",55003,2
"2068",55005,3
"2069",55007,4
"2070",55009,17
"2071",55013,2
"2072",55015,2
"2073",55017,4
"2074",55021,4
"2075",55023,1
"2076",55025,130
"2077",55027,3
"2078",55029,21
"2079",55033,2
"2080",55035,22
"2081",55039,10
"2082",55043,6
"2083",55045,4
"2084",55047,1
"2085",55049,1
"2086",55053,4
"2087",55055,6
"2088",55057,1
"2089",55059,14
"2090",55061,1
"2091",55063,21
"2092",55067,1
"2093",55069,5
"2094",55071,4
"2095",55073,5
"2096",55075,4
"2097",55079,88
"2098",55081,7
"2099",55083,1
"2100",55085,4
"2101",55087,23
"2102",55089,4
"2103",55093,2
"2104",55095,3
"2105",55097,9
"2106",55099,2
"2107",55101,13
"2108",55103,1
"2109",55105,13
"2110",55107,1
"2111",55109,10
"2112",55111,13
"2113",55113,2
"2114",55115,5
"2115",55117,6
"2116",55119,1
"2117",55123,4
"2118",55127,9
"2119",55129,2
"2120",55131,3
"2121",55133,23
"2122",55135,3
"2123",55137,1
"2124",55139,9
"2125",55141,9
"2126",56001,6
"2127",56003,1
"2128",56005,2
"2129",56007,3
"2130",56009,1
"2131",56011,1
"2132",56013,10
"2133",56019,1
"2134",56021,16
"2135",56023,4
"2136",56025,4
"2137",56027,1
"2138",56029,8
"2139",56031,2
"2140",56033,4
"2141",56035,3
"2142",56037,5
"2143",56039,27
"2144",56041,2
