fips,ev_market_penetration
2282,0.25
2230,0.12
2110,0.08
2016,0.06
2220,0.05
2275,0.05
2020,0.04
2290,0.04
2068,0.03
2130,0.03
2170,0.03
2150,0.02
2122,0.02
2195,0.02
2180,0.02
2090,0.02
2240,0.02
2050,0.01
2158,0
2100,0
2070,0
2261,0
2060,0
2188,0
2013,0
2185,0
2164,0
2198,0
2105,0
1089,0.04
1073,0.03
1117,0.03
1081,0.03
1049,0.02
1101,0.02
1083,0.02
1045,0.02
1003,0.02
1097,0.02
1071,0.02
1001,0.02
1133,0.02
1069,0.02
1115,0.02
1037,0.02
1043,0.01
1077,0.01
1095,0.01
1033,0.01
1031,0.01
1103,0.01
1123,0.01
1051,0.01
1035,0.01
1005,0.01
1121,0.01
1055,0.01
1125,0.01
1113,0.01
1015,0.01
1109,0.01
1011,0.01
1111,0.01
1059,0.01
1127,0.01
1029,0.01
1107,0.01
1007,0.01
1019,0.01
1021,0.01
1009,0.01
1017,0.01
1023,0.01
1067,0.01
1087,0.01
1099,0.01
1039,0
1027,0
1091,0
1041,0
1057,0
1079,0
1061,0
1131,0
1119,0
1085,0
1129,0
1013,0
1053,0
1093,0
1047,0
1065,0
1063,0
1075,0
1105,0
1025,0
5007,0.04
5143,0.03
5119,0.03
5089,0.02
5015,0.02
5131,0.02
5045,0.02
5031,0.02
5051,0.02
5005,0.01
5115,0.01
5125,0.01
5063,0.01
5091,0.01
5147,0.01
5035,0.01
5085,0.01
5149,0.01
5047,0.01
5117,0.01
5107,0.01
5101,0.01
5023,0.01
5055,0.01
5097,0.01
5049,0.01
5037,0.01
5103,0.01
5145,0.01
5009,0.01
5069,0.01
5057,0.01
5133,0.01
5113,0.01
5071,0.01
5067,0.01
5087,0.01
5039,0.01
5105,0.01
5033,0.01
5129,0.01
5137,0.01
5053,0.01
5059,0.01
5001,0.01
5095,0.01
5077,0
5135,0
5141,0
5127,0
5121,0
5075,0
5019,0
5123,0
5111,0
5027,0
5139,0
5093,0
5081,0
5003,0
5017,0
5065,0
5061,0
5083,0
5021,0
5041,0
5029,0
5011,0
5025,0
5099,0
5109,0
5013,0
5073,0
5043,0
5079,0
4013,0.09
4019,0.07
4025,0.05
4005,0.05
4021,0.05
4003,0.03
4007,0.03
4023,0.03
4015,0.03
4027,0.02
4012,0.02
4011,0.02
4009,0.02
4017,0.02
4001,0
6085,0.35
6041,0.34
6001,0.32
6081,0.32
6075,0.29
6013,0.26
6059,0.24
6087,0.22
6055,0.21
6061,0.2
6111,0.2
6073,0.19
6097,0.19
6037,0.19
6113,0.18
6067,0.17
6079,0.17
6017,0.17
6095,0.16
6069,0.16
6077,0.16
6057,0.16
6083,0.15
6003,0.15
6053,0.14
6065,0.13
6071,0.12
6023,0.11
6051,0.11
6019,0.1
6045,0.1
6043,0.1
6099,0.1
6101,0.09
6009,0.09
6115,0.09
6109,0.08
6005,0.08
6007,0.08
6089,0.08
6047,0.08
6039,0.08
6033,0.08
6029,0.07
6027,0.06
6093,0.06
6031,0.06
6105,0.06
6107,0.05
6063,0.05
6103,0.04
6091,0.04
6021,0.04
6015,0.04
6011,0.04
6025,0.03
6035,0.02
6049,0.01
8013,0.22
8111,0.15
8014,0.15
8097,0.15
8031,0.14
8035,0.13
8117,0.12
8037,0.12
8059,0.12
8091,0.12
8069,0.12
8019,0.11
8005,0.11
8047,0.11
8113,0.1
8067,0.09
8015,0.09
8041,0.08
8107,0.08
8055,0.08
8049,0.08
8001,0.07
8051,0.07
8045,0.07
8039,0.07
8109,0.07
8093,0.07
8053,0.06
8123,0.06
8119,0.05
8057,0.05
8027,0.05
8029,0.05
8065,0.05
8077,0.04
8023,0.04
8101,0.04
8083,0.04
8007,0.04
8085,0.03
8043,0.03
8017,0.03
8075,0.03
8079,0.03
8021,0.03
8087,0.02
8003,0.02
8061,0.02
8071,0.02
8095,0.02
8073,0.02
8063,0.02
8121,0.02
8011,0.02
8099,0.01
8089,0.01
8103,0.01
8081,0.01
8125,0.01
8105,0.01
8033,0
8009,0
8115,0
8025,0
9001,0.09
9007,0.06
9003,0.06
9013,0.06
9011,0.06
9009,0.06
9005,0.05
9015,0.04
10003,0.07
10005,0.05
10001,0.04
12099,0.08
12095,0.08
12109,0.07
12117,0.07
12001,0.07
12011,0.07
12115,0.07
12057,0.07
12086,0.06
12021,0.06
12081,0.06
12103,0.06
12085,0.06
12009,0.05
12131,0.05
12101,0.05
12087,0.05
12069,0.05
12031,0.04
12073,0.04
12089,0.04
12071,0.04
12061,0.04
12015,0.04
12035,0.04
12097,0.04
12111,0.04
12127,0.04
12105,0.03
12119,0.03
12091,0.03
12017,0.03
12083,0.03
12033,0.03
12019,0.03
12053,0.03
12113,0.03
12005,0.03
12027,0.02
12037,0.02
12077,0.02
12051,0.02
12093,0.02
12055,0.02
12023,0.02
12065,0.02
12107,0.02
12045,0.02
12043,0.02
12039,0.02
12075,0.02
12129,0.01
12059,0.01
12041,0.01
12123,0.01
12121,0.01
12133,0.01
12029,0.01
12003,0.01
12047,0.01
12063,0.01
12067,0.01
12079,0.01
12013,0.01
12007,0
12049,0
12125,0
13121,0.11
13117,0.1
13089,0.09
13067,0.08
13113,0.08
13135,0.07
13133,0.06
13219,0.05
13057,0.05
13059,0.04
13077,0.04
13097,0.04
13029,0.04
13073,0.04
13051,0.04
13139,0.04
13151,0.04
13211,0.03
13145,0.03
13215,0.03
13127,0.03
13207,0.03
13013,0.03
13157,0.03
13223,0.03
13015,0.03
13111,0.03
13247,0.03
13085,0.03
13187,0.03
13021,0.03
13285,0.02
13115,0.02
13063,0.02
13153,0.02
13123,0.02
13137,0.02
13227,0.02
13217,0.02
13255,0.02
13297,0.02
13045,0.02
13039,0.02
13237,0.02
13177,0.02
13261,0.02
13241,0.02
13225,0.02
13129,0.02
13047,0.02
13093,0.02
13195,0.02
13053,0.02
13291,0.02
13245,0.02
13281,0.02
13147,0.02
13179,0.02
13311,0.02
13313,0.02
13061,0.02
13155,0.02
13103,0.02
13235,0.02
13043,0.02
13031,0.02
13011,0.01
13009,0.01
13295,0.01
13171,0.01
13159,0.01
13259,0.01
13193,0.01
13199,0.01
13277,0.01
13185,0.01
13231,0.01
13257,0.01
13243,0.01
13269,0.01
13299,0.01
13095,0.01
13055,0.01
13035,0.01
13191,0.01
13229,0.01
13181,0.01
13075,0.01
13279,0.01
13143,0.01
13105,0.01
13221,0.01
13119,0.01
13189,0.01
13197,0.01
13069,0.01
13169,0.01
13283,0.01
13165,0.01
13213,0.01
13083,0.01
13175,0.01
13071,0.01
13109,0.01
13275,0.01
13087,0.01
13001,0.01
13131,0.01
13305,0.01
13167,0.01
13317,0.01
13101,0.01
13321,0.01
13205,0.01
13249,0.01
13081,0.01
13183,0.01
13263,0.01
13107,0.01
13267,0.01
13233,0.01
13023,0.01
13033,0.01
13079,0.01
13065,0.01
13251,0.01
13017,0.01
13161,0.01
13049,0
13027,0
13091,0
13315,0
13289,0
13003,0
13271,0
13099,0
13273,0
13319,0
13173,0
13287,0
13005,0
13209,0
13293,0
13149,0
13163,0
13303,0
13019,0
13141,0
13007,0
13025,0
13201,0
13265,0
13301,0
13309,0
13037,0
13239,0
13253,0
13125,0
13307,0
15003,0.11
15009,0.08
15001,0.07
15007,0.06
15005,0
19103,0.06
19101,0.05
19049,0.05
19169,0.04
19113,0.04
19153,0.04
19163,0.03
19181,0.03
19095,0.03
19013,0.03
19099,0.03
19185,0.02
19015,0.02
19139,0.02
19061,0.02
19023,0.02
19183,0.02
19155,0.02
19191,0.02
19031,0.02
19129,0.02
19147,0.02
19121,0.02
19157,0.02
19017,0.02
19127,0.02
19189,0.02
19079,0.02
19021,0.02
19125,0.02
19085,0.02
19091,0.02
19019,0.01
19007,0.01
19003,0.01
19059,0.01
19179,0.01
19069,0.01
19065,0.01
19123,0.01
19105,0.01
19111,0.01
19087,0.01
19187,0.01
19057,0.01
19171,0.01
19097,0.01
19177,0.01
19035,0.01
19029,0.01
19071,0.01
19149,0.01
19033,0.01
19159,0.01
19175,0.01
19143,0.01
19045,0.01
19055,0.01
19117,0.01
19011,0.01
19167,0.01
19089,0.01
19193,0.01
19027,0.01
19073,0.01
19145,0.01
19141,0.01
19109,0.01
19041,0.01
19093,0.01
19077,0.01
19131,0.01
19173,0.01
19083,0.01
19001,0.01
19009,0.01
19053,0.01
19043,0.01
19047,0.01
19165,0
19067,0
19039,0
19135,0
19195,0
19075,0
19161,0
19063,0
19137,0
19107,0
19133,0
19119,0
19115,0
19197,0
19081,0
19025,0
19037,0
19005,0
19051,0
19151,0
16013,0.06
16001,0.06
16015,0.06
16085,0.05
16039,0.05
16025,0.05
16057,0.04
16077,0.03
16005,0.03
16071,0.03
16081,0.03
16055,0.03
16011,0.03
16019,0.03
16017,0.03
16027,0.03
16051,0.03
16021,0.03
16007,0.03
16083,0.03
16087,0.02
16045,0.02
16065,0.02
16041,0.02
16031,0.02
16073,0.02
16053,0.02
16067,0.02
16075,0.02
16035,0.01
16029,0.01
16079,0.01
16043,0.01
16069,0.01
16059,0.01
16037,0.01
16047,0.01
16009,0.01
16063,0.01
16049,0.01
16003,0.01
16023,0
16061,0
16033,0
17097,0.09
17043,0.08
17113,0.08
17031,0.07
17019,0.06
17089,0.06
17197,0.05
17111,0.05
17093,0.05
17143,0.04
17203,0.04
17179,0.04
17163,0.04
17167,0.04
17007,0.04
17201,0.04
17077,0.04
17037,0.04
17133,0.04
17147,0.03
17119,0.03
17053,0.03
17023,0.03
17029,0.03
17141,0.02
17175,0.02
17115,0.02
17081,0.02
17107,0.02
17085,0.02
17001,0.02
17067,0.02
17123,0.02
17091,0.02
17129,0.02
17063,0.02
17125,0.02
17005,0.02
17103,0.02
17161,0.02
17117,0.02
17083,0.02
17165,0.02
17075,0.02
17099,0.02
17177,0.02
17109,0.02
17079,0.02
17051,0.02
17057,0.02
17061,0.02
17183,0.02
17105,0.02
17195,0.02
17027,0.02
17155,0.02
17021,0.02
17033,0.02
17049,0.02
17199,0.02
17039,0.01
17073,0.01
17189,0.01
17181,0.01
17045,0.01
17041,0.01
17137,0.01
17101,0.01
17121,0.01
17011,0.01
17173,0.01
17127,0.01
17069,0.01
17071,0.01
17035,0.01
17095,0.01
17139,0.01
17015,0.01
17025,0.01
17193,0.01
17135,0.01
17187,0.01
17151,0.01
17055,0.01
17131,0.01
17157,0.01
17149,0.01
17159,0.01
17171,0.01
17185,0.01
17009,0.01
17047,0.01
17145,0.01
17017,0
17065,0
17087,0
17191,0
17153,0
17003,0
17059,0
17013,0
17169,0
18057,0.07
18011,0.07
18105,0.06
18157,0.04
18097,0.04
18003,0.04
18141,0.03
18043,0.03
18127,0.03
18151,0.03
18063,0.03
18019,0.03
18005,0.03
18081,0.03
18085,0.03
18173,0.03
18169,0.03
18089,0.03
18001,0.03
18061,0.03
18091,0.03
18059,0.02
18037,0.02
18083,0.02
18167,0.02
18161,0.02
18033,0.02
18073,0.02
18067,0.02
18099,0.02
18039,0.02
18163,0.02
18113,0.02
18047,0.02
18093,0.02
18179,0.02
18175,0.02
18013,0.02
18131,0.02
18183,0.02
18133,0.02
18145,0.02
18017,0.02
18181,0.02
18153,0.02
18177,0.02
18123,0.02
18053,0.02
18035,0.02
18029,0.02
18109,0.02
18041,0.02
18103,0.02
18149,0.02
18025,0.02
18143,0.02
18075,0.02
18069,0.02
18119,0.02
18065,0.02
18007,0.02
18139,0.02
18027,0.02
18137,0.01
18129,0.01
18023,0.01
18015,0.01
18117,0.01
18159,0.01
18095,0.01
18049,0.01
18071,0.01
18087,0.01
18031,0.01
18077,0.01
18051,0.01
18055,0.01
18045,0.01
18125,0.01
18101,0.01
18135,0.01
18155,0.01
18165,0.01
18111,0.01
18107,0.01
18021,0.01
18115,0.01
18121,0.01
18009,0
18171,0
18147,0
18079,0
20091,0.07
20045,0.06
20071,0.03
20173,0.03
20169,0.03
20195,0.03
20015,0.03
20007,0.03
20103,0.03
20065,0.03
20177,0.03
20121,0.02
20209,0.02
20005,0.02
20025,0.02
20161,0.02
20049,0.02
20105,0.02
20017,0.02
20127,0.02
20069,0.02
20175,0.02
20037,0.02
20139,0.02
20159,0.02
20205,0.02
20079,0.02
20077,0.02
20155,0.02
20113,0.02
20149,0.02
20153,0.02
20023,0.02
20111,0.02
20193,0.02
20191,0.02
20141,0.02
20157,0.02
20207,0.02
20107,0.02
20109,0.02
20011,0.02
20203,0.01
20035,0.01
20051,0.01
20089,0.01
20013,0.01
20133,0.01
20067,0.01
20061,0.01
20085,0.01
20183,0.01
20123,0.01
20099,0.01
20087,0.01
20119,0.01
20151,0.01
20021,0.01
20053,0.01
20057,0.01
20041,0.01
20081,0.01
20181,0.01
20143,0.01
20145,0.01
20171,0.01
20117,0.01
20197,0.01
20055,0.01
20059,0.01
20189,0.01
20029,0.01
20001,0.01
20115,0
20031,0
20125,0
20009,0
20043,0
20095,0
20135,0
20199,0
20033,0
20083,0
20097,0
20101,0
20063,0
20073,0
20185,0
20027,0
20131,0
20147,0
20093,0
20163,0
20201,0
20167,0
20129,0
20187,0
20003,0
20047,0
20137,0
20179,0
20075,0
20039,0
20019,0
20165,0
21185,0.07
21129,0.05
21111,0.04
21067,0.04
21239,0.04
21037,0.03
21015,0.03
21227,0.03
21113,0.03
21215,0.03
21117,0.03
21211,0.03
21213,0.02
21029,0.02
21209,0.02
21093,0.02
21073,0.02
21179,0.02
21077,0.02
21231,0.02
21017,0.02
21123,0.02
21105,0.02
21181,0.02
21151,0.02
21099,0.02
21049,0.02
21167,0.02
21047,0.02
21035,0.02
21065,0.02
21139,0.02
21003,0.02
21173,0.02
21021,0.02
21221,0.02
21027,0.02
21163,0.01
21199,0.01
21061,0.01
21089,0.01
21145,0.01
21169,0.01
21059,0.01
21075,0.01
21079,0.01
21019,0.01
21009,0.01
21161,0.01
21205,0.01
21041,0.01
21107,0.01
21071,0.01
21197,0.01
21055,0.01
21219,0.01
21023,0.01
21143,0.01
21085,0.01
21125,0.01
21033,0.01
21045,0.01
21101,0.01
21109,0.01
21217,0.01
21043,0.01
21097,0.01
21081,0.01
21155,0.01
21141,0.01
21165,0.01
21191,0.01
21149,0.01
21157,0.01
21229,0.01
21063,0.01
21069,0.01
21057,0.01
21121,0.01
21135,0.01
21159,0.01
21005,0.01
21171,0.01
21115,0.01
21137,0.01
21095,0.01
21237,0.01
21053,0.01
21207,0.01
21013,0.01
21091,0.01
21083,0.01
21087,0
21007,0
21127,0
21175,0
21223,0
21153,0
21031,0
21195,0
21011,0
21177,0
21025,0
21233,0
21187,0
21133,0
21235,0
21001,0
21051,0
21225,0
21193,0
21183,0
21119,0
21103,0
21131,0
21189,0
21147,0
21203,0
21201,0
21039,0
22071,0.04
22033,0.02
22075,0.02
22103,0.02
22017,0.02
22051,0.02
22055,0.01
22005,0.01
22107,0.01
22089,0.01
22023,0.01
22087,0.01
22003,0.01
22019,0.01
22015,0.01
22073,0.01
22061,0.01
22105,0.01
22083,0.01
22067,0.01
22125,0.01
22115,0.01
22063,0.01
22113,0.01
22095,0.01
22041,0.01
22011,0.01
22079,0.01
22021,0.01
22097,0.01
22053,0.01
22069,0
22093,0
22047,0
22001,0
22109,0
22057,0
22029,0
22119,0
22045,0
22085,0
22121,0
22025,0
22117,0
22077,0
22091,0
22099,0
22043,0
22009,0
22123,0
22065,0
22101,0
22127,0
22027,0
22049,0
22039,0
22031,0
22037,0
22111,0
22007,0
22081,0
22035,0
22013,0
25017,0.12
25007,0.11
25015,0.11
25011,0.1
25021,0.09
25025,0.08
25019,0.07
25009,0.06
25003,0.06
25001,0.06
25027,0.06
25023,0.05
25005,0.04
25013,0.04
24027,0.15
24031,0.14
24021,0.09
24003,0.08
24041,0.07
24005,0.065
24009,0.06
24033,0.06
24035,0.05
24013,0.05
24017,0.05
24025,0.05
24037,0.04
24047,0.04
24029,0.04
24015,0.03
24043,0.03
24045,0.03
24001,0.02
24019,0.02
24011,0.02
24023,0.02
24039,0.01
23005,0.09
23013,0.07
23009,0.06
23023,0.06
23027,0.06
23015,0.06
23031,0.04
23011,0.04
23017,0.03
23007,0.03
23001,0.03
23019,0.03
23025,0.02
23021,0.01
23003,0.01
23029,0.01
26161,0.08
26077,0.05
26081,0.04
26089,0.04
26125,0.04
26139,0.04
26015,0.04
26065,0.04
26021,0.04
26005,0.03
26055,0.03
26159,0.03
26047,0.03
26111,0.03
26029,0.03
26093,0.03
26019,0.02
26107,0.02
26163,0.02
26037,0.02
26121,0.02
26025,0.02
26045,0.02
26127,0.02
26027,0.02
26115,0.02
26075,0.02
26023,0.02
26155,0.02
26105,0.02
26049,0.02
26067,0.02
26099,0.02
26091,0.02
26009,0.02
26117,0.02
26145,0.02
26085,0.01
26073,0.01
26109,0.01
26147,0.01
26031,0.01
26101,0.01
26087,0.01
26103,0.01
26149,0.01
26083,0.01
26043,0.01
26079,0.01
26035,0.01
26051,0.01
26061,0.01
26151,0.01
26039,0.01
26129,0.01
26123,0.01
26053,0.01
26059,0.01
26095,0.01
26057,0.01
26007,0.01
26017,0.01
26135,0.01
26137,0.01
26133,0.01
26165,0.01
26157,0.01
26119,0.01
26063,0.01
26001,0.01
26143,0.01
26011,0.01
26069,0.01
26097,0.01
26131,0.01
26033,0.01
26041,0.01
26113,0
26141,0
26003,0
26153,0
26071,0
26013,0
27053,0.09
27019,0.07
27163,0.07
27123,0.07
27109,0.06
27037,0.05
27139,0.05
27131,0.04
27003,0.04
27031,0.04
27059,0.04
27171,0.03
27141,0.03
27049,0.03
27025,0.03
27009,0.03
27039,0.03
27143,0.03
27147,0.03
27103,0.03
27013,0.03
27079,0.02
27169,0.02
27121,0.02
27145,0.02
27075,0.02
27033,0.02
27067,0.02
27085,0.02
27095,0.02
27115,0.02
27149,0.02
27035,0.02
27137,0.02
27081,0.02
27161,0.02
27099,0.02
27083,0.02
27041,0.02
27157,0.02
27097,0.01
27017,0.01
27111,0.01
27021,0.01
27113,0.01
27093,0.01
27027,0.01
27005,0.01
27051,0.01
27153,0.01
27055,0.01
27133,0.01
27047,0.01
27069,0.01
27159,0.01
27063,0.01
27117,0.01
27077,0.01
27057,0.01
27091,0.01
27045,0.01
27061,0.01
27119,0.01
27015,0.01
27165,0.01
27043,0.01
27007,0.01
27155,0.01
27101,0.01
27029,0.01
27065,0.01
27151,0.01
27105,0.01
27011,0.01
27023,0.01
27135,0.01
27167,0
27107,0
27129,0
27001,0
27073,0
27071,0
27089,0
27127,0
27087,0
27173,0
27125,0
29189,0.06
29189,0.06
29165,0.05
29077,0.04
29095,0.04
29183,0.04
29019,0.04
29043,0.04
29047,0.03
29005,0.03
29037,0.03
29213,0.03
29145,0.03
29055,0.03
29219,0.03
29071,0.02
29099,0.02
29029,0.02
29161,0.02
29097,0.02
29101,0.02
29051,0.02
29186,0.02
29079,0.02
29151,0.02
29013,0.02
29225,0.02
29109,0.02
29209,0.02
29031,0.02
29113,0.02
29177,0.02
29187,0.02
29027,0.02
29001,0.02
29011,0.02
29067,0.02
29003,0.02
29021,0.02
29009,0.02
29049,0.02
29229,0.01
29169,0.01
29083,0.01
29173,0.01
29053,0.01
29185,0.01
29119,0.01
29105,0.01
29081,0.01
29203,0.01
29137,0.01
29089,0.01
29149,0.01
29131,0.01
29073,0.01
29039,0.01
29197,0.01
29117,0.01
29065,0.01
29195,0.01
29221,0.01
29061,0.01
29175,0.01
29015,0.01
29103,0.01
29127,0.01
29215,0.01
29141,0.01
29159,0.01
29199,0.01
29135,0.01
29121,0.01
29123,0.01
29091,0.01
29023,0.01
29211,0.01
29171,0.01
29155,0.01
29069,0.01
29181,0.01
29063,0.01
29045,0.01
29143,0.01
29007,0.01
29087,0.01
29059,0.01
29107,0.01
29205,0.01
29157,0.01
29223,0.01
29125,0.01
29167,0.01
29017,0.01
29217,0.01
29057,0.01
29093,0.01
29133,0
29147,0
29111,0
29033,0
29153,0
29025,0
29041,0
29207,0
29115,0
29139,0
29201,0
29163,0
29227,0
29035,0
29085,0
29075,0
29179,0
29129,0
28089,0.02
28071,0.02
28045,0.02
28047,0.02
28105,0.02
28073,0.02
28033,0.02
28093,0.02
28087,0.02
28049,0.02
28059,0.02
28143,0.01
28145,0.01
28113,0.01
28031,0.01
28121,0.01
28003,0.01
28129,0.01
28035,0.01
28081,0.01
28029,0.01
28001,0.01
28101,0.01
28115,0.01
28123,0.01
28149,0.01
28065,0.01
28011,0.01
28017,0.01
28155,0.01
28137,0.01
28163,0.01
28083,0.01
28043,0.01
28009,0.01
28067,0.01
28063,0.01
28053,0.01
28013,0.01
28085,0.01
28075,0.01
28005,0.01
28139,0
28027,0
28147,0
28159,0
28109,0
28025,0
28061,0
28141,0
28103,0
28057,0
28095,0
28097,0
28023,0
28039,0
28069,0
28111,0
28151,0
28135,0
28091,0
28051,0
28161,0
28041,0
28015,0
28077,0
28007,0
28133,0
28131,0
28079,0
28127,0
28153,0
28099,0
28107,0
28055,0
28157,0
28021,0
28037,0
28117,0
28125,0
28019,0
28119,0
30063,0.04
30077,0.04
30029,0.04
30031,0.04
30079,0.04
30003,0.03
30081,0.03
30043,0.03
30111,0.03
30097,0.03
30099,0.03
30067,0.03
30009,0.03
30049,0.02
30023,0.02
30047,0.02
30085,0.02
30071,0.02
30007,0.02
30057,0.02
30061,0.02
30101,0.02
30013,0.02
30059,0.02
30021,0.02
30039,0.02
30051,0.02
30105,0.01
30089,0.01
30087,0.01
30095,0.01
30053,0.01
30093,0.01
30025,0.01
30041,0.01
30015,0.01
30027,0.01
30001,0.01
30073,0.01
30091,0.01
30035,0
30017,0
30083,0
30045,0
30055,0
30069,0
30005,0
30033,0
30075,0
30019,0
30037,0
30107,0
30065,0
30103,0
30109,0
30011,0
37135,0.14
37037,0.11
37183,0.09
37063,0.09
37021,0.08
37119,0.07
37179,0.06
37175,0.05
37025,0.05
37081,0.05
37129,0.05
37113,0.05
37189,0.05
37149,0.05
37067,0.04
37055,0.04
37097,0.04
37125,0.04
37089,0.04
37099,0.04
37059,0.04
37115,0.04
37001,0.03
37109,0.03
37101,0.03
37087,0.03
37035,0.03
37199,0.03
37141,0.03
37019,0.03
37053,0.03
37085,0.03
37071,0.03
37105,0.03
37023,0.02
37043,0.02
37121,0.02
37111,0.02
37069,0.02
37169,0.02
37093,0.02
37031,0.02
37147,0.02
37057,0.02
37145,0.02
37159,0.02
37051,0.02
37137,0.02
37013,0.02
37161,0.02
37077,0.02
37123,0.02
37075,0.02
37103,0.02
37151,0.02
37191,0.02
37187,0.02
37167,0.02
37173,0.02
37049,0.02
37003,0.02
37133,0.02
37027,0.02
37157,0.02
37127,0.02
37039,0.02
37171,0.02
37011,0.02
37017,0.02
37197,0.02
37029,0.01
37185,0.01
37045,0.01
37153,0.01
37143,0.01
37107,0.01
37007,0.01
37195,0.01
37181,0.01
37005,0.01
37047,0.01
37193,0.01
37009,0.01
37073,0.01
37065,0.01
37091,0.01
37015,0.01
37139,0.01
37165,0.01
37033,0.01
37163,0.01
37131,0.01
37155,0.01
37041,0.01
37061,0.01
37117,0.01
37095,0.01
37079,0
37083,0
37177,0
38069,0.02
38033,0.02
38023,0.02
38017,0.02
38029,0.02
38065,0.02
38091,0.01
38015,0.01
38097,0.01
38035,0.01
38059,0.01
38047,0.01
38043,0.01
38051,0.01
38025,0.01
38099,0.01
38101,0.01
38057,0.01
38071,0.01
38089,0.01
38053,0.01
38009,0.01
38005,0.01
38045,0.01
38067,0.01
38077,0.01
38049,0.01
38021,0
38103,0
38031,0
38055,0
38061,0
38105,0
38093,0
38037,0
38085,0
38003,0
38095,0
38027,0
38007,0
38087,0
38001,0
38039,0
38019,0
38083,0
38011,0
38013,0
38041,0
38079,0
38073,0
38063,0
38081,0
38075,0
31075,0.06
31165,0.05
31055,0.05
31109,0.04
31025,0.03
31153,0.03
31155,0.03
31135,0.03
31133,0.03
31105,0.03
31101,0.03
31081,0.03
31127,0.02
31019,0.02
31185,0.02
31023,0.02
31037,0.02
31063,0.02
31177,0.02
31065,0.02
31159,0.02
31097,0.02
31131,0.02
31079,0.02
31001,0.02
31021,0.02
31093,0.02
31119,0.02
31157,0.02
31011,0.02
31053,0.02
31073,0.01
31059,0.01
31099,0.01
31061,0.01
31087,0.01
31033,0.01
31029,0.01
31141,0.01
31043,0.01
31067,0.01
31111,0.01
31167,0.01
31181,0.01
31147,0.01
31035,0.01
31041,0.01
31039,0.01
31151,0.01
31013,0.01
31047,0.01
31129,0.01
31027,0.01
31089,0.01
31137,0.01
31031,0.01
31173,0.01
31051,0.01
31143,0.01
31121,0
31003,0
31095,0
31145,0
31179,0
31139,0
31107,0
31091,0
31103,0
31009,0
31171,0
31123,0
31161,0
31071,0
31169,0
31113,0
31149,0
31077,0
31083,0
31175,0
31115,0
31183,0
31125,0
31163,0
31117,0
31007,0
31045,0
31005,0
31049,0
31085,0
31017,0
31015,0
31069,0
31057,0
33009,0.06
33015,0.05
33017,0.05
33013,0.05
33011,0.04
33003,0.04
33019,0.03
33001,0.03
33005,0.03
33007,0.02
34035,0.13
34021,0.12
34023,0.11
34013,0.09
34003,0.09
34027,0.09
34017,0.09
34019,0.09
34025,0.08
34005,0.07
34039,0.07
34007,0.07
34029,0.06
34001,0.05
34031,0.05
34015,0.05
34037,0.05
34009,0.05
34041,0.04
34033,0.03
34011,0.03
35028,0.09
35049,0.09
35001,0.06
35043,0.05
35055,0.05
35019,0.03
35035,0.03
35061,0.02
35053,0.02
35047,0.02
35033,0.02
35009,0.02
35027,0.02
35003,0.02
35039,0.02
35059,0.02
35023,0.02
35007,0.01
35029,0.01
35006,0.01
35017,0.01
35051,0.01
35045,0.01
35041,0.01
35031,0.01
35005,0.01
35015,0.01
35025,0.01
35057,0.01
35037,0
35011,0
35021,0
32031,0.11
32003,0.11
32005,0.07
32023,0.06
32027,0.06
32019,0.05
32001,0.05
32029,0.04
32021,0.03
32017,0.02
32013,0.02
32011,0.02
32033,0.02
32015,0.01
32007,0.01
32009,0
36109,0.12
36061,0.09
36119,0.09
36111,0.07
36021,0.07
36059,0.07
36103,0.06
36079,0.06
36001,0.06
36027,0.05
36087,0.05
36091,0.05
36069,0.05
36047,0.05
36055,0.05
36081,0.05
36071,0.05
36105,0.04
36093,0.04
36053,0.04
36007,0.04
36123,0.04
36039,0.04
36083,0.04
36097,0.04
36067,0.04
36031,0.04
36085,0.04
36113,0.04
36077,0.03
36095,0.03
36041,0.03
36023,0.03
36029,0.03
36117,0.03
36015,0.03
36005,0.03
36037,0.03
36051,0.03
36011,0.03
36065,0.03
36101,0.03
36063,0.03
36019,0.03
36115,0.03
36025,0.03
36107,0.03
36075,0.03
36099,0.02
36017,0.02
36089,0.02
36057,0.02
36121,0.02
36073,0.02
36035,0.02
36009,0.02
36013,0.02
36003,0.02
36043,0.02
36045,0.02
36033,0.01
36049,0.01
39041,0.06
39165,0.06
39061,0.05
39057,0.05
39159,0.05
39049,0.04
39113,0.04
39025,0.04
39035,0.03
39055,0.03
39017,0.03
39153,0.03
39173,0.03
39095,0.03
39045,0.03
39089,0.03
39171,0.02
39133,0.02
39103,0.02
39109,0.02
39009,0.02
39097,0.02
39093,0.02
39075,0.02
39085,0.02
39123,0.02
39135,0.02
39043,0.02
39019,0.02
39151,0.02
39117,0.02
39011,0.02
39003,0.02
39141,0.02
39083,0.02
39023,0.02
39129,0.02
39107,0.02
39073,0.02
39125,0.02
39099,0.02
39139,0.02
39169,0.02
39063,0.02
39077,0.02
39027,0.02
39005,0.01
39175,0.01
39051,0.01
39039,0.01
39161,0.01
39015,0.01
39001,0.01
39167,0.01
39149,0.01
39147,0.01
39131,0.01
39091,0.01
39143,0.01
39115,0.01
39007,0.01
39029,0.01
39101,0.01
39155,0.01
39021,0.01
39071,0.01
39037,0.01
39119,0.01
39033,0.01
39105,0.01
39145,0.01
39047,0.01
39087,0.01
39157,0.01
39013,0.01
39137,0.01
39081,0.01
39163,0.01
39059,0.01
39067,0.01
39079,0.01
39065,0.01
39069,0.01
39121,0.01
39127,0.01
39053,0.01
39031,0
39111,0
40109,0.04
40143,0.04
40027,0.04
40043,0.03
40131,0.03
40087,0.02
40025,0.02
40083,0.02
40021,0.02
40017,0.02
40145,0.02
40119,0.02
40113,0.02
40125,0.02
40101,0.02
40037,0.02
40147,0.02
40123,0.02
40041,0.02
40031,0.01
40065,0.01
40111,0.01
40005,0.01
40071,0.01
40085,0.01
40047,0.01
40141,0.01
40075,0.01
40019,0.01
40133,0.01
40121,0.01
40095,0.01
40135,0.01
40079,0.01
40013,0.01
40137,0.01
40081,0.01
40009,0.01
40151,0.01
40035,0.01
40115,0.01
40051,0.01
40091,0.01
40011,0.01
40063,0.01
40053,0.01
40033,0.01
40153,0.01
40117,0.01
40069,0.01
40073,0.01
40029,0.01
40105,0.01
40089,0.01
40055,0.01
40107,0.01
40007,0.01
40003,0.01
40015,0
40099,0
40023,0
40093,0
40049,0
40039,0
40149,0
40139,0
40097,0
40057,0
40067,0
40045,0
40001,0
40103,0
40127,0
40061,0
40129,0
40059,0
40077,0
41051,0.18
41067,0.17
41003,0.15
41005,0.15
41027,0.15
41039,0.12
41017,0.12
41041,0.1
41071,0.1
41053,0.09
41029,0.09
41057,0.09
41015,0.08
41047,0.08
41009,0.08
41007,0.07
41033,0.07
41043,0.06
41065,0.06
41013,0.05
41011,0.05
41063,0.05
41019,0.05
41035,0.04
41031,0.04
41061,0.04
41021,0.04
41025,0.03
41001,0.03
41059,0.03
41045,0.03
41037,0.02
41023,0.02
41049,0.02
41055,0
41069,0
42029,0.08
42091,0.08
42017,0.06
42045,0.06
42027,0.06
42093,0.05
42041,0.05
42077,0.05
42003,0.05
42071,0.04
42101,0.04
42119,0.04
42095,0.04
42043,0.04
42133,0.04
42019,0.04
42011,0.03
42103,0.03
42089,0.03
42001,0.03
42075,0.03
42109,0.03
42055,0.03
42125,0.03
42099,0.03
42049,0.02
42127,0.02
42129,0.02
42069,0.02
42037,0.02
42025,0.02
42081,0.02
42079,0.02
42035,0.02
42007,0.02
42013,0.02
42051,0.02
42067,0.02
42057,0.02
42085,0.02
42061,0.01
42063,0.01
42107,0.01
42009,0.01
42115,0.01
42087,0.01
42117,0.01
42097,0.01
42073,0.01
42039,0.01
42021,0.01
42015,0.01
42123,0.01
42111,0.01
42121,0.01
42005,0.01
42033,0.01
42105,0.01
42131,0.01
42113,0.01
42031,0.01
42059,0.01
42065,0.01
42083,0.01
42047,0.01
42023,0
42053,0
44001,0.08
44005,0.08
44009,0.07
44007,0.05
44003,0.04
45019,0.05
45057,0.05
45091,0.04
45013,0.04
45045,0.04
45073,0.03
45079,0.03
45015,0.03
45063,0.03
45035,0.02
45043,0.02
45053,0.02
45065,0.02
45083,0.02
45005,0.02
45007,0.02
45077,0.02
45051,0.02
45071,0.02
45047,0.02
45003,0.02
45029,0.02
45085,0.02
45037,0.02
45039,0.02
45023,0.01
45075,0.01
45041,0.01
45081,0.01
45021,0.01
45055,0.01
45059,0.01
45001,0.01
45069,0.01
45031,0.01
45027,0.01
45017,0.01
45087,0.01
45025,0.01
45067,0.01
45049,0.01
45089,0.01
45033,0.01
45061,0
45011,0
45009,0
46102,0.04
46007,0.04
46069,0.03
46027,0.03
46127,0.03
46111,0.03
46081,0.02
46083,0.02
46103,0.02
46033,0.02
46087,0.02
46099,0.02
46011,0.02
46079,0.02
46093,0.02
46025,0.02
46059,0.02
46035,0.02
46047,0.01
46123,0.01
46117,0.01
46077,0.01
46039,0.01
46061,0.01
46049,0.01
46009,0.01
46019,0.01
46043,0.01
46037,0.01
46109,0.01
46065,0.01
46057,0.01
46067,0.01
46029,0.01
46013,0.01
46085,0.01
46041,0.01
46115,0.01
46053,0.01
46125,0.01
46005,0.01
46045,0.01
46091,0.01
46129,0.01
46135,0.01
46023,0
46051,0
46073,0
46095,0
46071,0
46075,0
46055,0
46003,0
46121,0
46015,0
46063,0
46089,0
46097,0
46107,0
46031,0
46017,0
46119,0
46101,0
46137,0
46021,0
46105,0
47187,0.08
47037,0.06
47093,0.05
47105,0.04
47065,0.04
47157,0.04
47009,0.03
47189,0.03
47047,0.03
47179,0.03
47001,0.03
47155,0.03
47165,0.03
47145,0.03
47067,0.03
47051,0.03
47137,0.03
47163,0.02
47119,0.02
47021,0.02
47115,0.02
47149,0.02
47003,0.02
47125,0.02
47147,0.02
47101,0.02
47113,0.02
47077,0.02
47031,0.02
47173,0.02
47141,0.02
47063,0.02
47123,0.02
47127,0.02
47053,0.02
47177,0.02
47011,0.02
47089,0.02
47035,0.01
47143,0.01
47081,0.01
47019,0.01
47159,0.01
47043,0.01
47103,0.01
47073,0.01
47161,0.01
47059,0.01
47151,0.01
47013,0.01
47153,0.01
47017,0.01
47185,0.01
47069,0.01
47057,0.01
47087,0.01
47117,0.01
47029,0.01
47085,0.01
47133,0.01
47033,0.01
47055,0.01
47071,0.01
47167,0.01
47049,0.01
47005,0.01
47007,0.01
47079,0.01
47083,0.01
47041,0.01
47107,0.01
47039,0.01
47109,0.01
47169,0.01
47015,0.01
47099,0.01
47045,0.01
47061,0.01
47025,0.01
47129,0.01
47183,0.01
47091,0.01
47027,0.01
47175,0.01
47171,0.01
47121,0.01
47139,0
47111,0
47023,0
47075,0
47097,0
47131,0
47135,0
47181,0
47095,0
48453,0.11
48085,0.09
48491,0.08
48121,0.08
48157,0.07
48269,0.06
48113,0.06
48209,0.06
48259,0.05
48201,0.04
48439,0.04
48397,0.04
48091,0.04
48029,0.04
48339,0.04
48039,0.04
48473,0.03
48031,0.03
48367,0.03
48021,0.03
48167,0.03
48139,0.03
48141,0.03
48053,0.03
48109,0.03
48041,0.02
48271,0.02
48119,0.02
48171,0.02
48257,0.02
48221,0.02
48187,0.02
48243,0.02
48299,0.02
48251,0.02
48027,0.02
48385,0.02
48407,0.02
48097,0.02
48423,0.02
48181,0.02
48359,0.02
48231,0.02
48061,0.02
48309,0.02
48043,0.02
48193,0.02
48215,0.02
48325,0.02
48315,0.02
48485,0.02
48303,0.02
48373,0.02
48497,0.02
48381,0.02
48347,0.02
48333,0.02
48159,0.02
48019,0.02
48467,0.01
48015,0.01
48071,0.01
48223,0.01
48441,0.01
48245,0.01
48477,0.01
48355,0.01
48493,0.01
48445,0.01
48265,0.01
48203,0.01
48137,0.01
48099,0.01
48147,0.01
48503,0.01
48379,0.01
48449,0.01
48229,0.01
48149,0.01
48217,0.01
48035,0.01
48183,0.01
48205,0.01
48037,0.01
48375,0.01
48051,0.01
48055,0.01
48281,0.01
48213,0.01
48089,0.01
48425,0.01
48319,0.01
48469,0.01
48073,0.01
48479,0.01
48305,0.01
48003,0.01
48399,0.01
48411,0.01
48489,0.01
48277,0.01
48111,0.01
48471,0.01
48129,0.01
48197,0.01
48185,0.01
48177,0.01
48329,0.01
48459,0.01
48499,0.01
48105,0.01
48153,0.01
48463,0.01
48199,0.01
48361,0.01
48377,0.01
48069,0.01
48389,0.01
48475,0.01
48173,0.01
48421,0.01
48225,0.01
48077,0.01
48007,0.01
48107,0.01
48451,0.01
48409,0.01
48331,0.01
48009,0.01
48239,0.01
48087,0.01
48143,0.01
48067,0.01
48163,0.01
48455,0.01
48405,0.01
48227,0.01
48115,0.01
48351,0.01
48357,0.01
48287,0.01
48401,0.01
48013,0.01
48267,0.01
48207,0.01
48059,0.01
48465,0.01
48349,0.01
48291,0.01
48289,0.01
48001,0.01
48237,0.01
48219,0.01
48165,0.01
48343,0.01
48005,0.01
48495,0.01
48437,0.01
48337,0.01
48135,0.01
48285,0.01
48075,0.01
48323,0.01
48321,0.01
48501,0.01
48151,0.01
48419,0.01
48145,0.01
48313,0
48057,0
48341,0
48161,0
48279,0
48365,0
48273,0
48415,0
48481,0
48255,0
48117,0
48483,0
48275,0
48123,0
48363,0
48387,0
48435,0
48249,0
48093,0
48317,0
48253,0
48063,0
48065,0
48025,0
48403,0
48427,0
48131,0
48507,0
48353,0
48369,0
48179,0
48189,0
48049,0
48307,0
48457,0
48175,0
48083,0
48395,0
48391,0
48429,0
48293,0
48487,0
48241,0
48505,0
48297,0
48233,0
48371,0
48133,0
48011,0
48103,0
48261,0
48263,0
48301,0
48311,0
48383,0
48079,0
48283,0
48045,0
48413,0
48017,0
48417,0
48431,0
48127,0
48155,0
48191,0
48247,0
48125,0
48081,0
48235,0
48095,0
48047,0
48327,0
48447,0
48461,0
48433,0
48393,0
48023,0
48033,0
48195,0
48211,0
48295,0
48101,0
48335,0
48443,0
48169,0
48345,0
49043,0.17
49035,0.1
49049,0.1
49029,0.1
49051,0.09
49011,0.09
49053,0.08
49005,0.06
49057,0.06
49019,0.06
49045,0.05
49017,0.05
49025,0.04
49021,0.04
49023,0.04
49007,0.03
49003,0.03
49039,0.03
49037,0.02
49009,0.02
49041,0.02
49047,0.02
49027,0.02
49013,0.02
49033,0.01
49015,0.01
49001,0.01
49055,0
49031,0
51107,0.15
51013,0.14
51059,0.13
51003,0.12
51059,0.12
51159,0.08
51087,0.08
51157,0.08
51095,0.07
51075,0.07
51153,0.07
51061,0.07
51179,0.06
51121,0.06
51043,0.06
51199,0.05
51041,0.05
51103,0.05
51099,0.05
51065,0.05
51085,0.05
51177,0.05
51109,0.05
51125,0.05
51133,0.04
51069,0.04
51163,0.04
51113,0.04
51145,0.04
51093,0.04
51187,0.04
51091,0.04
51161,0.04
51183,0.03
51047,0.03
51079,0.03
51015,0.03
51165,0.03
51127,0.03
51119,0.03
51036,0.03
51137,0.03
51131,0.03
51073,0.03
51063,0.03
51067,0.03
51057,0.03
51191,0.03
51019,0.03
51023,0.02
51155,0.02
51161,0.02
51033,0.02
51171,0.02
51009,0.02
51147,0.02
51053,0.02
51029,0.02
51115,0.02
51025,0.02
51175,0.02
51031,0.02
51181,0.02
51139,0.02
51159,0.02
51089,0.02
51083,0.02
51001,0.02
51149,0.01
51173,0.01
51017,0.01
51071,0.01
51035,0.01
51193,0.01
51197,0.01
51081,0.01
51135,0.01
51101,0.01
51143,0.01
51111,0.01
51037,0.01
51007,0.01
51105,0.01
51169,0.01
51077,0.01
51195,0.01
51117,0.01
51141,0.01
51051,0.01
51005,0.01
51067,0.01
51097,0.01
51185,0.01
51167,0.01
51021,0
51027,0
51011,0
51049,0
51045,0
50007,0.1
50001,0.1
50023,0.08
50027,0.07
50013,0.07
50025,0.07
50003,0.06
50017,0.06
50015,0.05
50021,0.05
50005,0.04
50019,0.04
50011,0.04
50009,0.01
53055,0.22
53033,0.21
53031,0.16
53061,0.14
53011,0.11
53035,0.11
53073,0.1
53029,0.1
53059,0.09
53057,0.09
53067,0.09
53053,0.08
53007,0.08
53009,0.08
53039,0.08
53045,0.07
53037,0.07
53063,0.06
53005,0.06
53047,0.06
53069,0.06
53017,0.05
53049,0.05
53071,0.05
53075,0.05
53015,0.05
53019,0.05
53021,0.04
53027,0.04
53041,0.04
53025,0.04
53077,0.03
53065,0.03
53003,0.02
53043,0.02
53013,0.02
53001,0.02
53023,0.02
53051,0.01
55025,0.07
55089,0.06
55133,0.04
55029,0.04
55109,0.04
55049,0.04
55035,0.04
55127,0.04
55079,0.03
55009,0.03
55059,0.03
55063,0.03
55095,0.03
55123,0.03
55139,0.03
55055,0.03
55101,0.03
55111,0.03
55097,0.03
55033,0.03
55045,0.03
55015,0.03
55093,0.03
55087,0.02
55131,0.02
55073,0.02
55117,0.02
55135,0.02
55021,0.02
55027,0.02
55057,0.02
55105,0.02
55039,0.02
55113,0.02
55043,0.02
55071,0.02
55129,0.02
55137,0.02
55141,0.02
55017,0.02
55107,0.02
55078,0.02
55011,0.02
55007,0.02
55013,0.01
55067,0.01
55103,0.01
55047,0.01
55125,0.01
55023,0.01
55077,0.01
55121,0.01
55091,0.01
55031,0.01
55075,0.01
55085,0.01
55051,0.01
55005,0.01
55061,0.01
55083,0.01
55003,0.01
55081,0.01
55099,0.01
55001,0.01
55069,0.01
55041,0.01
55119,0.01
55053,0.01
55037,0.01
55065,0.01
55019,0
55115,0
54037,0.05
54061,0.02
54003,0.02
54079,0.02
54021,0.02
54011,0.02
54069,0.02
54039,0.01
54107,0.01
54063,0.01
54057,0.01
54065,0.01
54025,0.01
54085,0.01
54075,0.01
54049,0.01
54077,0.01
54053,0.01
54081,0.01
54055,0.01
54097,0.01
54031,0.01
54007,0.01
54071,0.01
54093,0.01
54023,0.01
54033,0.01
54051,0.01
54035,0.01
54041,0.01
54029,0.01
54009,0.01
54013,0.01
54027,0.01
54019,0.01
54083,0
54073,0
54087,0
54005,0
54059,0
54091,0
54103,0
54001,0
54099,0
54095,0
54045,0
54109,0
54067,0
54089,0
54043,0
54047,0
54017,0
54015,0
54101,0
54105,0
56039,0.08
56021,0.02
56001,0.02
56037,0.02
56023,0.02
56033,0.02
56031,0.02
56011,0.01
56025,0.01
56013,0.01
56045,0.01
56041,0.01
56005,0.01
56003,0.01
56029,0.01
56015,0.01
56035,0.01
56007,0.01
56043,0.01
56019,0
56009,0
56017,0
56027,0
